scenario,position,thinking,max_tokens,prompt_tokens,completion_tokens,wall_time_s,tokens_per_sec,format_ok,refs_valid,refs_invalid,json_parse_ok,alignment_score,coaching_text
coaching_no_think_80,Italian Game ply 2: e5,False,80,289,46,2.837,16.2,True,3,0,,,The e5 pawn is a key central pawn that supports Black's control of the center and prepares for potential moves towards the center.
coaching_no_think_80,Italian Game ply 7: d3,False,80,292,44,2.932,15.0,True,3,0,,,"Moving the queen to d3 develops a piece and supports the central pawn structure, which is key in the Italian Game."
coaching_no_think_80,Italian Game ply 12: d6,False,80,269,57,3.329,17.1,True,3,0,,,"The move d6 by Black is a central pawn advance that supports their pieces and prepares to challenge White's central control, so focus on maintaining your central pawn structure and preparing counterpl"
coaching_no_think_80,Italian Game ply 11: cxd4,False,80,284,43,2.747,15.7,True,3,0,,,"Your move develops a piece and challenges Black's central pawn structure, which is a key goal in the Italian Game."
coaching_no_think_80,Italian Game ply 10: Ba5,False,80,284,54,2.978,18.1,True,3,0,,,"The bishop on a5 is a key piece in Black's attack, and White's king is in the center, which is a critical position for castling and defense."
coaching_no_think_80,Italian Game ply 9: O-O,False,80,282,50,2.843,17.6,True,3,0,,,"Castling to g1 protects your king and develops your rook, while the e8 pawn supports the king's safety and helps control the center."
coaching_no_think_80,London System ply 2: d5,False,80,289,44,2.932,15.0,True,3,0,,,The pawn on d5 is a key central pawn that supports Black's control of the center and prepares for potential expansion.
coaching_no_think_80,London System ply 13: Bg3,False,80,293,42,3.66,11.5,True,3,0,,,"Bg3 develops a piece to a natural square, supports the center, and prepares for future central control."
coaching_no_think_80,London System ply 7: Bd3,False,80,293,46,3.277,14.0,True,3,0,,,"Moving the bishop to d3 develops a piece and supports the central pawns, which is a key part of the London System."
coaching_no_think_80,London System ply 9: Nf3,False,80,294,49,3.01,16.3,True,3,0,,,"The move Nf3 is good because it develops a piece to a central square, supports the king's safety, and prepares for further development."
coaching_no_think_80,London System ply 3: Bf4,False,80,294,44,2.733,16.1,True,3,0,,,Bf4 is a strong move in the London System as it supports the central pawn structure and prepares for potential development.
coaching_no_think_80,London System ply 6: d5,False,80,289,54,2.782,19.4,True,3,0,,,"The move d5 by Black is a central pawn push that threatens to control the center and prepares for potential development, putting pressure on White's position and requiring careful response."
coaching_think_80,Italian Game ply 2: e5,True,80,288,80,3.859,20.7,False,0,0,,,"<think> Okay, let's see. The user is a student learning chess, and they need an explanation of the move e5 in the context of the Italian Game. The last move was e5 by Black, so I need to analyze how t"
coaching_think_80,Italian Game ply 7: d3,True,80,291,80,3.884,20.6,False,0,0,,,"<think> Okay, let me think about this. The student played d3 in the Italian Game, which is a correct move. I need to explain why this move is good. Let me check the current positions.  White's pieces:"
coaching_think_80,Italian Game ply 12: d6,True,80,268,80,3.41,23.5,False,0,0,,,"<think> Okay, let's see. The user is a student who's playing the Italian Game, and the last move was d6. I need to explain what that move means for their position. First, I should recall the Italian G"
coaching_think_80,Italian Game ply 11: cxd4,True,80,283,80,3.738,21.4,False,0,0,,,"<think> Okay, let's see. The student played cxd4 in the Italian Game, which is the correct move. I need to explain why this is good. First, I should check the current positions of the pieces.  White's"
coaching_think_80,Italian Game ply 10: Ba5,True,80,283,80,4.124,19.4,False,0,0,,,"<think> Okay, let's see. The user is a student learning chess, and they need an explanation of the opponent's move Ba5 in the context of the Italian Game. The last move was Ba5, so I need to figure ou"
coaching_think_80,Italian Game ply 9: O-O,True,80,281,80,3.725,21.5,False,0,0,,,"<think> Okay, let's see. The student played O-O, which is castling kingside. The position is after the Italian Game, and the last move was O-O. So, I need to explain why this move is good.  First, I s"
coaching_think_80,London System ply 2: d5,True,80,288,80,3.783,21.1,False,0,0,,,"<think> Okay, let's see. The user is asking about the move d5 in the context of the London System. The current position has White's pawns on various squares, and Black has a pawn on d5. The student ne"
coaching_think_80,London System ply 13: Bg3,True,80,292,80,4.05,19.8,False,0,0,,,"<think> Okay, let's see. The user is a student who played the correct London System move, Bg3. I need to explain why this move is good. First, I should recall the London System setup. In the London Sy"
coaching_think_80,London System ply 7: Bd3,True,80,292,80,3.846,20.8,False,0,0,,,"<think> Okay, let's see. The user is a student who played the correct London System move, moving the bishop to d3. I need to explain why this move is good. First, I should check the current board posi"
coaching_think_80,London System ply 9: Nf3,True,80,293,80,4.076,19.6,False,0,0,,,"<think> Okay, let's see. The user is a student who played the correct London System move, Nf3. I need to explain why this move is good. The key here is to identify the key squares that are relevant in"
coaching_think_80,London System ply 3: Bf4,True,80,293,80,3.929,20.4,False,0,0,,,"<think> Okay, let's see. The student played Bf4 in the London System. I need to explain why that's a good move. First, I should check the current board setup. White has a bishop on f4, which is the mo"
coaching_think_80,London System ply 6: d5,True,80,288,80,3.828,20.9,False,0,0,,,"<think> Okay, let's see. The user is asking about the move d5 by Black in the London System. The current position is after White's last move was d5, so Black just played d5. Wait, no, actually, the la"
explanation_no_think_200,Italian Game ply 2: e5,False,200,460,110,5.705,19.3,True,2,0,,,"The pawn e5 is a key move that helps Black take control of the center, just like you did with your pawn e4. It's a strong move that supports Black's plan to fight for the center and prepare for possib"
explanation_no_think_200,Italian Game ply 7: d3,False,200,487,96,5.072,18.9,True,1,2,,,The move d3 is like giving your pawn a little hug to help protect the pawn on e4. It makes sure the bishop on e5 can't move too far and helps your knight get ready to jump to c3. This move is part of 
explanation_no_think_200,Italian Game ply 12: d6,False,200,491,200,7.837,25.5,True,25,5,,,"The pawn on d6 is a key part of Black's plan to control the center. It helps to support the knight on c6 and prepares to push the pawn to e5, which will help to control the center and support the knig"
explanation_no_think_200,Italian Game ply 11: cxd4,False,200,500,119,5.802,20.5,True,2,2,,,"You're creating a strong center with your pawns on d4 and e4, which helps control the middle of the board. This position gives you a good foundation to develop your pieces and prepare for a strong att"
explanation_no_think_200,Italian Game ply 10: Ba5,False,200,491,144,6.485,22.2,True,11,1,,,The bishop on a5 is helping to control the center and protect the pawn on e5. It's also supporting the knight on c3 by keeping it safe from attacks. This move helps Black prepare for future moves and 
explanation_no_think_200,Italian Game ply 9: O-O,False,200,481,124,6.5,19.1,True,3,0,,,"Castling is like giving your king a safe hug and moving your rook to a better spot. Your king is now on g1, far from the center where things get busy, and your rook is on f1, ready to help fight or su"
explanation_no_think_200,London System ply 2: d5,False,200,462,123,6.582,18.7,True,1,2,,,"The pawn on d5 is a key part of Black’s plan to control the center. It helps balance the game by pushing against White’s central pawn on d4, which is a big part of the London System. This move also su"
explanation_no_think_200,London System ply 13: Bg3,False,200,515,200,8.771,22.8,True,24,0,,,The bishop on g3 is a key piece in this position. It helps control the center and supports the pawn on d4. This move helps prepare for a strong attack in the center and supports the idea of holding th
explanation_no_think_200,London System ply 7: Bd3,False,200,489,129,6.745,19.1,True,7,0,,,"The bishop on d3 is heading toward a key square that helps control the center and attack Black's pawn on h7. This move also helps protect the pawn on d4 and supports the bishop on f4, which is going t"
explanation_no_think_200,London System ply 9: Nf3,False,200,498,112,7.086,15.8,True,3,0,,,"Your knight on f3 is getting ready to join the fight, and it's helping you control the center of the board. The bishop on f4 is also working hard to support your position, and together they're helping"
explanation_no_think_200,London System ply 3: Bf4,False,200,476,137,7.116,19.3,True,11,0,,,The bishop on f4 is a key part of the London System. It helps control the center and supports your pawn on d4. This bishop also helps protect your pawns and prepares for future moves. By placing it on
explanation_no_think_200,London System ply 6: d5,False,200,482,85,5.496,15.5,True,0,0,,,The pawn on d5 is a key move that helps Black control the center and prepares for a strong attack. It supports the idea of pushing the pawn to d5 to gain space and pressure on White's central pawns. T
explanation_think_200,Italian Game ply 2: e5,True,200,459,200,9.759,20.5,False,0,0,,,"<think> Okay, the user is a student learning the Italian Game as White with an ELO around 800. They need help understanding the move e5 in the context of the game. The app is playing Black, so I need "
explanation_think_200,Italian Game ply 7: d3,True,200,486,200,10.171,19.7,True,3,0,,,Moving your pawn to d3 is like adding another soldier to protect the center. It helps keep the
explanation_think_200,Italian Game ply 12: d6,True,200,490,200,9.725,20.6,False,0,0,,,"<think> Okay, let's see. The student is learning the Italian Game and is at move 6. The last move was Black's d6. I need to explain why this move is important.  First, I should look at the current boa"
explanation_think_200,Italian Game ply 11: cxd4,True,200,499,200,9.782,20.4,False,0,0,,,"<think> Okay, the student is on the 6th move of the Italian Game. The last move was cxd4, which is capturing the pawn on d4. Let me think about why this move is important. The Italian Game is all abou"
explanation_think_200,Italian Game ply 10: Ba5,True,200,490,200,10.709,18.7,False,0,0,,,"<think> Okay, the student is learning the Italian Game, and we're at move 5. The last move was Black's bishop moving to a5. Let me think about why this move is important.  First, the bishop is on a5. "
explanation_think_200,Italian Game ply 9: O-O,True,200,480,200,10.259,19.5,False,0,0,,,"<think> Okay, the student is playing the Italian Game and just castled. Let me think about why that move is important. The king is moving to g1, which is the castle square. The rook on a1 is moving to"
explanation_think_200,London System ply 2: d5,True,200,461,200,10.657,18.8,False,0,0,,,"<think> Okay, the user is a student learning the London System as White with an ELO around 800. They need help understanding the move d5 by Black. Let me recall the current board position. White has p"
explanation_think_200,London System ply 13: Bg3,True,200,514,200,11.119,18.0,False,0,0,,,"<think> Okay, let's see. The student is learning the London System as White, and they've just played Bg3. The coach needs to explain why this move is important. First, I should check the current board"
explanation_think_200,London System ply 7: Bd3,True,200,488,200,10.305,19.4,False,0,0,,,"<think> Okay, the student is learning the London System as White, and the current move is Bd3. Let me think about why this move is important. The bishop is on d3, which is a key square. The bishop is "
explanation_think_200,London System ply 9: Nf3,True,200,497,200,11.014,18.2,False,0,0,,,"<think> Okay, let's see. The student is on an 800 ELO, learning the London System as White. The current move is Nf3, which is the knight moving to f3. The previous moves are 1. d4 d5 2. Bf4 Nf6 3. e3 "
explanation_think_200,London System ply 3: Bf4,True,200,475,200,10.829,18.5,False,0,0,,,"<think> Okay, the student is learning the London System as White, and they've just played Bf4. I need to explain why this move is important. Let me start by recalling the current board position. The b"
explanation_think_200,London System ply 6: d5,True,200,481,200,11.122,18.0,False,0,0,,,"<think> Okay, let's see. The student is learning the London System as White, and the current move is Black playing d5. The previous moves were 1. d4 Nf6 2. Bf4 e6 3. e3 d5. So, after 3. e3, Black move"
explanation_think_500,Italian Game ply 2: e5,True,500,459,500,23.383,21.4,False,0,0,,,"<think> Okay, the user is a student learning the Italian Game as White with an ELO around 800. They need help understanding the move e5 in the context of the game. The current position shows that Blac"
explanation_think_500,Italian Game ply 7: d3,True,500,486,500,22.264,22.5,False,0,0,,,"<think> Okay, let's see. The student is learning the Italian Game as White, and they've reached the move 4.d3. The coach needs to explain why this move is important. The key points to cover are what s"
explanation_think_500,Italian Game ply 12: d6,True,500,490,500,21.834,22.9,False,0,0,,,"<think> Okay, the student is learning the Italian Game, and they're at move 6 where Black plays d6. Let me think about why this move is important. The move d6 is a pawn move, so I need to explain how "
explanation_think_500,Italian Game ply 11: cxd4,True,500,499,388,17.71,21.9,True,3,0,,,"The pawn on d4 is now firmly in the center, helping to control key squares like e5 and f5. This move strengthens your center, making it harder for the opponent to challenge. The bishop on c5 is also s"
explanation_think_500,Italian Game ply 10: Ba5,True,500,490,500,22.272,22.5,False,0,0,,,"<think> Okay, let's see. The student is learning the Italian Game, and the current move is Black's bishop moving to a5. The student is around ELO 800, so I need to explain this in simple terms.  First"
explanation_think_500,Italian Game ply 9: O-O,True,500,480,500,22.023,22.7,True,1,0,,,
explanation_think_500,London System ply 2: d5,True,500,461,500,22.16,22.6,False,0,0,,,"<think> Okay, the student is learning the London System as White with an ELO around 800. The current move is Black's d5, which is a common reply to 1.d4 d5. I need to explain why this move is importan"
explanation_think_500,London System ply 13: Bg3,True,500,514,396,18.208,21.7,True,4,0,,,"Moving the bishop to g3 is like giving it a new home where it can help protect your pawns in the center. This move keeps your bishop close to your pawns, so it can support them and maybe even push a p"
explanation_think_500,London System ply 7: Bd3,True,500,488,500,21.844,22.9,True,3,0,,,"The bishop on d3 is now in a great position to attack Black’s king on h7, which is a key square. This move helps control the center by supporting the pawn on d4 and prepares for future attacks. It als"
explanation_think_500,London System ply 9: Nf3,True,500,497,500,21.847,22.9,True,3,0,,,"This move brings your knight to a strong square that helps protect your king and supports castling. The knight on f3 also helps control the center, which is key for the London System. It also prepares"
explanation_think_500,London System ply 3: Bf4,True,500,475,500,22.538,22.2,False,0,0,,,"<think> Okay, the student is learning the London System as White and has just played Bf4. The key here is to explain why this move is important. Let me start by recalling the current board position. T"
explanation_think_500,London System ply 6: d5,True,500,481,500,22.016,22.7,False,0,0,,,"<think> Okay, let's see. The student is learning the London System as White, and the current move is Black playing d5. The previous moves were 1. d4 Nf6 2. Bf4 e6 3. e3 d5. The user wants a deeper exp"
alignment_think_200,Italian Game ply 2: e5,True,200,526,200,10.968,18.2,False,0,0,False,,"<think>
Okay, let's evaluate the move e5 by White in the Italian Game. The student is at ELO 800, so they might be learning the basics of the opening.

First, the move e5 is a key move in the Italian "
alignment_think_200,Italian Game ply 7: d3,True,200,550,200,11.545,17.3,False,0,0,False,,"<think>
Okay, let's see. The student played d3 on move 11 in the Italian Game. The move history shows that the game has reached a point where White has already developed their pieces: the knight on f3"
alignment_think_200,Italian Game ply 12: d6,True,200,547,200,11.145,17.9,False,0,0,False,,"<think>
Okay, let's evaluate the move d6 by White in the Italian Game. First, I need to check if this move aligns with the opening plan. The move is played at ply 18, so the game has progressed throug"
alignment_think_200,Italian Game ply 11: cxd4,True,200,558,200,11.662,17.2,False,0,0,False,,"<think>
Okay, let's see. The student played cxd4 at ply 17 in the Italian Game. The move history shows that after 6. cxd4, the position is set up. Now, the move in question is cxd4. Wait, no, the move"
alignment_think_200,Italian Game ply 10: Ba5,True,200,555,200,11.099,18.0,False,0,0,False,,"<think>
Okay, let's evaluate the move Ba5 in the Italian Game for plan alignment. The student is at ELO 800, so they might be learning the basics of the opening.

First, the move Ba5 is developing a b"
alignment_think_200,Italian Game ply 9: O-O,True,200,547,200,11.56,17.3,False,0,0,False,,"<think>
Okay, let's see. The student played O-O (castling) on move 14 in the Italian Game. The opening plan is to develop pieces, control the center, castle early, and connect rooks.

First, the move "
alignment_think_200,London System ply 2: d5,True,200,526,200,11.839,16.9,False,0,0,False,,"<think>
Okay, let's evaluate the move d5 for the London System opening. The student is playing as White with an ELO around 800, so I need to consider their understanding of the opening's plan.

First,"
alignment_think_200,London System ply 13: Bg3,True,200,572,200,11.724,17.1,False,0,0,False,,"<think>
Okay, let's see. The student is playing the London System, and the move in question is Bg3 at ply 20. The opening plan is to develop pieces, control the center, castle, and connect rooks.

Fir"
alignment_think_200,London System ply 7: Bd3,True,200,548,200,12.202,16.4,False,0,0,False,,"<think>
Okay, let's see. The student played Bd3 at ply 11 in the London System. The move history shows that after 1. d4 d5 2. Bf4 Nf6 3. e3 e6 4. Bd3. So, the current position is after the fourth move"
alignment_think_200,London System ply 9: Nf3,True,200,559,200,11.565,17.3,False,0,0,False,,"<think>
Okay, let's see. The student is playing the London System opening. The move in question is Nf3 at ply 14. The move history shows that the game has progressed to a point where White has already"
alignment_think_200,London System ply 3: Bf4,True,200,534,200,11.05,18.1,False,0,0,False,,"<think>
Okay, let's see. The student played Bf4 on move 5 in the London System. The opening plan is to develop pieces towards the center, castle early, and prepare d4. 

First, the move Bf4 is develop"
alignment_think_200,London System ply 6: d5,True,200,542,200,10.923,18.3,False,0,0,False,,"<think>
Okay, let's see. The student played d5 at ply 9 in the London System. The move history shows that after 1. d4 Nf6 2. Bf4 e6 3. e3 d5, the position is set. The question is about evaluating this"
alignment_no_think_200,Italian Game ply 2: e5,False,200,527,103,7.94,13.0,False,0,0,False,,"{""alignment"": 70, ""reasoning"": ""The move e5 is a key part of the Italian Game opening and helps control the center. It supports the plan to control the center with e4/d4 and develops a pawn to a stron"
alignment_no_think_200,Italian Game ply 7: d3,False,200,551,82,6.731,12.2,True,0,0,True,40,The move d3 is a slight development but doesn't significantly improve piece activity or align with the opening's strategic goals. It maintains the pawn structure but doesn't advance the plan effective
alignment_no_think_200,Italian Game ply 12: d6,False,200,548,93,7.205,12.9,True,0,0,True,30,The move d6 is a pawn move that supports the central control objective but doesn't develop a piece. It helps maintain the pawn structure but is not the most strategic move for the opening plan. It doe
alignment_no_think_200,Italian Game ply 11: cxd4,False,200,559,106,7.176,14.8,False,0,0,False,,"{""alignment"": 30, ""reasoning"": ""The move cxd4 is a tactical move that captures a pawn but does not contribute to long-term plan alignment. It does not develop a piece or improve piece activity, and it"
alignment_no_think_200,Italian Game ply 10: Ba5,False,200,556,117,7.717,15.2,False,0,0,False,,"{""alignment"": 30, ""reasoning"": ""The move Ba5 develops a bishop but places it on a less active square, which doesn't fully align with the plan's goal of developing pieces toward active squares. It also"
alignment_no_think_200,Italian Game ply 9: O-O,False,200,548,89,6.768,13.2,True,0,0,True,70,"The move O-O is a valid castling move that helps achieve the strategic goal of casting the king for safety. However, it does not directly contribute to developing pieces or improving piece activity at"
alignment_no_think_200,London System ply 2: d5,False,200,527,96,6.966,13.8,True,0,0,True,50,"The move d5 is not a development move as it doesn't move a piece but instead occupies a central square. It aligns with the pawn structure goal by maintaining control of the center, but it doesn't dire"
alignment_no_think_200,London System ply 13: Bg3,False,200,573,104,7.178,14.5,False,0,0,False,,"{""alignment"": 70, ""reasoning"": ""The move Bg3 develops a bishop to a more active square, contributing to piece development. It also supports the central control goal by preparing for future moves on d4"
alignment_no_think_200,London System ply 7: Bd3,False,200,549,89,7.338,12.1,False,0,0,False,,"{""alignment"": 75, ""reasoning"": ""Bd3 is a good move that develops a piece and improves bishop activity. It also helps maintain the pawn structure and supports the goal of controlling the center. Howeve"
alignment_no_think_200,London System ply 9: Nf3,False,200,560,91,6.336,14.4,True,0,0,True,70,"The move Nf3 develops a knight toward a central square, contributing to piece development. It also supports the plan to control the center with d4. However, it doesn't fully align with the goal of con"
alignment_no_think_200,London System ply 3: Bf4,False,200,535,98,6.477,15.1,True,0,0,True,70,"The move Bf4 develops a bishop and improves its activity, contributing to the plan's goal of developing pieces toward active squares. It also supports the control of the center with d4. However, it do"
alignment_no_think_200,London System ply 6: d5,False,200,543,107,6.57,16.3,False,0,0,False,,"{""alignment"": 75, ""reasoning"": ""The move d5 is a key part of the London System opening, helping to control the center and prepare for future moves. It also helps to connect the rooks and supports the "
